<?xml version="1.0" encoding="UTF-8"?>
<configuration
        xmlns="http://ch.qos.logback/xml/ns/logback"
        xmlns:xsi="http://www.w3.org/2001/XMLSchema-instance"
        xsi:schemaLocation="http://ch.qos.logback/xml/ns/logback
	https://raw.githubusercontent.com/enricopulatzo/logback-XSD/master/src/main/xsd/logback.xsd">

    <appender name="console" class="ch.qos.logback.core.ConsoleAppender">
        <encoder>
            <pattern>%date{yyyy-MM-dd HH:mm:ss.SSS} 【%level】 %mdc{traceid} %msg%n</pattern>
            <charset>UTF-8</charset>
        </encoder>
        <filter class="ch.qos.logback.classic.filter.ThresholdFilter">
            <level>DEBUG</level>
        </filter>
    </appender>

    <!-- 定义一个异步Appender包装console Appender -->
    <appender name="asyncConsole" class="ch.qos.logback.classic.AsyncAppender">
        <appender-ref ref="console"/>
        <!-- 设置队列大小，控制异步写入的缓冲区大小 -->
        <queueSize>512</queueSize>
    </appender>

    <logger name="com.example" level="DEBUG"/>
    <root level="WARN">
        <appender-ref ref="asyncConsole"/>
    </root>

</configuration>